2025-09-16_20-04-14,None,draft.py:2025-09-16_20-04-14
2025-09-16_20-08-37,None,draft.py:2025-09-16_20-08-37
2025-09-16_20-10-12,None,draft.py:2025-09-16_20-10-12
2025-09-16_20-21-33,None,draft.py:2025-09-16_20-21-33
2025-09-16_20-21-56,None,draft.py:2025-09-16_20-21-56
2025-09-22_15-42-58,None,draft.py:2025-09-22_15-42-58
2025-09-22_15-46-24,None,draft.py:2025-09-22_15-46-24
2025-09-22_16-01-04,None,draft.py:2025-09-22_16-01-04
2025-09-22_16-01-05,None,draft.py:2025-09-22_16-01-04
2025-09-22_16-01-05,None,draft.py:2025-09-22_16-01-04
2025-09-22_16-01-06,None,draft.py:2025-09-22_16-01-04
2025-09-22_16-01-08,None,draft.py:2025-09-22_16-01-04
2025-09-22_16-03-37,None,draft.py:2025-09-22_16-01-04
2025-09-22_16-13-07,None,draft.py:2025-09-22_16-13-07
2025-09-22_16-14-03,None,draft.py:2025-09-22_16-13-07
2025-09-22_16-15-02,None,draft.py:2025-09-22_16-13-07
2025-09-22_16-15-04,None,draft.py:2025-09-22_16-13-07
2025-09-22_16-15-04,None,draft.py:2025-09-22_16-13-07
2025-09-22_16-15-04,None,draft.py:2025-09-22_16-13-07
2025-09-22_16-15-31,None,draft.py:2025-09-22_16-13-07
2025-09-22_16-20-56,None,draft.py:2025-09-22_16-13-07
2025-09-22_16-23-39,None,draft.py:2025-09-22_16-23-39
2025-09-22_16-28-43,None,draft.py:2025-09-22_16-28-43
2025-09-22_16-28-58,None,draft.py:2025-09-22_16-28-43
2025-09-22_16-31-28,None,draft.py:2025-09-22_16-31-28
2025-09-22_16-37-02,None,draft.py:2025-09-22_16-37-02
2025-09-22_16-38-57,None,draft.py:2025-09-22_16-38-57
